model,prompt_tok,gen_tok,window_blk,weights_cpu_us,weights_hbm_us,kv_push_us,kv_fetch_us,attn_us,ffn_us,weights_file_B,weights_tensor_B,kv_total_B
Llama3.2-3B,7,128,12,12175279.0,1215.571403503418,151336.0,400004.0,7380,1347688.0,12851163188,14427009024,30965760
Llama3.2-3B,7,128,12,12242354.0,1196.648359298706,150872.0,397179.0,7348,1348424.0,12851163188,14427009024,30965760
